;instance;nodes;time;result
0;3 queens;19;0.0;False
1;6 queens;172;0.0;True
2;9 queens;334;0.0019884109497070312;True
3;12 queens;3067;0.013475656509399414;True
4;15 queens;20281;0.11714577674865723;True
5;18 queens;743230;4.3366687297821045;True
6;21 queens;179593;1.1264421939849854;True
7;24 queens;9878317;70.29747748374939;True
