;instance;nodes;time;result
0;3 queens;6;0.0;False
1;6 queens;42;0.0;True
2;9 queens;100;0.0010063648223876953;True
3;12 queens;409;0.004986763000488281;True
4;15 queens;184;0.0029916763305664062;True
5;18 queens;589;0.010474205017089844;True
6;21 queens;1875;0.036974191665649414;True
7;24 queens;24332;0.5256919860839844;True
