;instance;time;backtrack nodes;time_limit;finished
0;easy1;3.806814670562744;269262;30;True
1;easy10;0.15399980545043945;14596;30;True
2;easy2;30.00003719329834;2348847;30;False
3;easy3;2.0020382404327393;139584;30;True
4;easy4;2.806990385055542;218021;30;True
5;easy5;1.949009656906128;149458;30;True
6;easy6;3.647989511489868;247276;30;True
7;easy7;7.999005079269409;630699;30;True
8;easy8;5.263961315155029;405510;30;True
9;easy9;0.044992685317993164;3559;30;True
